layer,expert,count
0,0,3341
0,1,1276
0,2,2348
0,3,3069
0,4,2780
0,5,132
0,6,1137
0,7,3270
0,8,655
0,9,814
0,10,26
0,11,3635
0,12,3326
0,13,3730
0,14,3175
0,15,5
0,16,2889
0,17,1661
0,18,1991
0,19,18
0,20,473
0,21,4634
0,22,761
0,23,2370
0,24,2241
0,25,131
0,26,2015
0,27,3610
0,28,14363
0,29,4203
0,30,2429
0,31,4980
0,32,1931
0,33,6279
0,34,4101
0,35,1981
0,36,83
0,37,902
0,38,3120
0,39,448
0,40,4218
0,41,2431
0,42,82
0,43,1753
0,44,975
0,45,2305
0,46,3546
0,47,2452
0,48,1143
0,49,992
0,50,3645
0,51,6362
0,52,3077
0,53,3986
0,54,96
0,55,85
0,56,76
0,57,4261
0,58,1781
0,59,4
0,60,764
0,61,6930
0,62,5154
0,63,3713
0,64,8382
0,65,3584
0,66,2006
0,67,4421
0,68,3993
0,69,5143
0,70,1285
0,71,3892
0,72,10537
0,73,1754
0,74,878
0,75,5802
0,76,3804
0,77,4715
0,78,1240
0,79,1903
0,80,3253
0,81,4692
0,82,5215
0,83,1841
0,84,1136
0,85,2857
0,86,3116
0,87,6938
0,88,3079
0,89,799
0,90,185
0,91,8342
0,92,1397
0,93,5708
0,94,570
0,95,2166
0,96,599
0,97,2800
0,98,5002
0,99,1620
0,100,8523
0,101,3328
0,102,4522
0,103,4158
0,104,2285
0,105,4999
0,106,4706
0,107,4376
0,108,388
0,109,3477
0,110,6058
0,111,3273
0,112,4293
0,113,606
0,114,3220
0,115,274
0,116,1877
0,117,3792
0,118,4009
0,119,3836
0,120,7039
0,121,2791
0,122,7944
0,123,2242
0,124,7406
0,125,1408
0,126,4752
0,127,2816
1,0,111
1,1,2206
1,2,5052
1,3,3020
1,4,1192
1,5,540
1,6,3738
1,7,4111
1,8,3501
1,9,7209
1,10,175
1,11,2929
1,12,1105
1,13,3053
1,14,2078
1,15,2970
1,16,4971
1,17,711
1,18,3750
1,19,2542
1,20,2457
1,21,1626
1,22,4347
1,23,3193
1,24,1575
1,25,4194
1,26,1829
1,27,3797
1,28,4465
1,29,4961
1,30,1781
1,31,4362
1,32,1330
1,33,779
1,34,2901
1,35,902
1,36,146
1,37,1503
1,38,3347
1,39,2517
1,40,1162
1,41,2641
1,42,1072
1,43,1118
1,44,880
1,45,4669
1,46,5127
1,47,2072
1,48,7007
1,49,4543
1,50,2656
1,51,221
1,52,3883
1,53,3563
1,54,236
1,55,123
1,56,678
1,57,1966
1,58,2412
1,59,189
1,60,5746
1,61,1183
1,62,4573
1,63,12637
1,64,6715
1,65,2937
1,66,4962
1,67,4336
1,68,1430
1,69,369
1,70,8750
1,71,49
1,72,443
1,73,1118
1,74,17802
1,75,4722
1,76,3849
1,77,4241
1,78,4436
1,79,211
1,80,2065
1,81,50
1,82,447
1,83,6001
1,84,1308
1,85,3811
1,86,4497
1,87,2143
1,88,515
1,89,4969
1,90,4482
1,91,5182
1,92,2583
1,93,447
1,94,5281
1,95,1126
1,96,2439
1,97,2090
1,98,3093
1,99,4569
1,100,5141
1,101,201
1,102,1023
1,103,3686
1,104,529
1,105,2052
1,106,4239
1,107,5269
1,108,2060
1,109,751
1,110,15
1,111,2382
1,112,17
1,113,3062
1,114,5368
1,115,2838
1,116,5185
1,117,510
1,118,4
1,119,3890
1,120,91
1,121,447
1,122,27363
1,123,2891
1,124,2418
1,125,579
1,126,2466
1,127,7938
2,0,4586
2,1,17
2,2,3397
2,3,99
2,4,14055
2,5,39
2,6,4213
2,7,4322
2,8,4850
2,9,4784
2,10,1686
2,11,19
2,12,2894
2,13,152
2,14,4392
2,15,2817
2,16,3921
2,17,1476
2,18,58
2,19,5
2,20,68
2,21,409
2,22,2662
2,23,161
2,24,1823
2,25,396
2,26,0
2,27,2379
2,28,0
2,29,3097
2,30,2384
2,31,577
2,32,17
2,33,1355
2,34,3
2,35,1
2,36,454
2,37,1762
2,38,6105
2,39,198
2,40,10686
2,41,3835
2,42,984
2,43,26
2,44,743
2,45,6275
2,46,4839
2,47,2445
2,48,2406
2,49,7979
2,50,3002
2,51,8078
2,52,15876
2,53,4519
2,54,4540
2,55,3366
2,56,206
2,57,1351
2,58,1917
2,59,1995
2,60,7391
2,61,365
2,62,4187
2,63,250
2,64,11083
2,65,8378
2,66,39
2,67,3055
2,68,8076
2,69,4233
2,70,3195
2,71,90
2,72,1787
2,73,4943
2,74,1653
2,75,1610
2,76,7939
2,77,1794
2,78,1460
2,79,2
2,80,447
2,81,1219
2,82,1352
2,83,936
2,84,6119
2,85,6907
2,86,264
2,87,2931
2,88,6401
2,89,187
2,90,6328
2,91,10
2,92,164
2,93,6028
2,94,7636
2,95,1934
2,96,2
2,97,3459
2,98,699
2,99,6819
2,100,4980
2,101,3265
2,102,18
2,103,340
2,104,7472
2,105,18
2,106,1405
2,107,2525
2,108,282
2,109,1308
2,110,188
2,111,1492
2,112,4113
2,113,1972
2,114,0
2,115,3389
2,116,7347
2,117,5818
2,118,4715
2,119,5433
2,120,6447
2,121,3472
2,122,6192
2,123,5102
2,124,25
2,125,11656
2,126,3052
2,127,3117
3,0,2518
3,1,6411
3,2,4736
3,3,3914
3,4,2712
3,5,1224
3,6,5989
3,7,5220
3,8,5
3,9,1702
3,10,6448
3,11,5158
3,12,2405
3,13,5618
3,14,350
3,15,36
3,16,447
3,17,2179
3,18,339
3,19,3722
3,20,2580
3,21,5357
3,22,467
3,23,963
3,24,5401
3,25,12560
3,26,5964
3,27,192
3,28,953
3,29,3138
3,30,888
3,31,5058
3,32,407
3,33,151
3,34,5430
3,35,2681
3,36,3738
3,37,3538
3,38,3423
3,39,1512
3,40,2316
3,41,2576
3,42,464
3,43,63
3,44,4
3,45,2569
3,46,441
3,47,401
3,48,390
3,49,2619
3,50,1137
3,51,733
3,52,71
3,53,3068
3,54,20755
3,55,1110
3,56,326
3,57,40
3,58,1
3,59,5196
3,60,3867
3,61,8509
3,62,7553
3,63,941
3,64,5765
3,65,14
3,66,1046
3,67,603
3,68,2020
3,69,763
3,70,7527
3,71,1193
3,72,2390
3,73,5927
3,74,6443
3,75,3005
3,76,4741
3,77,4595
3,78,9453
3,79,1083
3,80,2169
3,81,6745
3,82,2265
3,83,19
3,84,3220
3,85,102
3,86,4404
3,87,1106
3,88,2807
3,89,8015
3,90,944
3,91,2939
3,92,2442
3,93,11647
3,94,2709
3,95,16
3,96,5
3,97,1226
3,98,367
3,99,465
3,100,1111
3,101,1474
3,102,1336
3,103,5321
3,104,7624
3,105,5454
3,106,9047
3,107,586
3,108,1388
3,109,1244
3,110,5
3,111,969
3,112,3534
3,113,2203
3,114,689
3,115,2364
3,116,5917
3,117,539
3,118,441
3,119,745
3,120,2690
3,121,4900
3,122,1794
3,123,6224
3,124,9083
3,125,910
3,126,555
3,127,14205
4,0,5618
4,1,2250
4,2,1987
4,3,0
4,4,1402
4,5,6888
4,6,6090
4,7,2272
4,8,2911
4,9,1828
4,10,8869
4,11,12106
4,12,468
4,13,1300
4,14,540
4,15,3839
4,16,2496
4,17,82
4,18,7419
4,19,1048
4,20,2975
4,21,11
4,22,10257
4,23,3604
4,24,29
4,25,5865
4,26,211
4,27,6882
4,28,14
4,29,1459
4,30,3756
4,31,975
4,32,2079
4,33,100
4,34,587
4,35,4
4,36,4
4,37,179
4,38,873
4,39,7810
4,40,9368
4,41,4
4,42,4
4,43,1153
4,44,469
4,45,1674
4,46,8658
4,47,2750
4,48,1542
4,49,29
4,50,5389
4,51,13537
4,52,5210
4,53,2333
4,54,13
4,55,2067
4,56,3802
4,57,12097
4,58,1810
4,59,116
4,60,7689
4,61,596
4,62,1
4,63,8403
4,64,2887
4,65,769
4,66,2
4,67,8242
4,68,547
4,69,36
4,70,11124
4,71,98
4,72,98
4,73,505
4,74,6226
4,75,1383
4,76,5778
4,77,4736
4,78,288
4,79,7813
4,80,66
4,81,2190
4,82,1221
4,83,1909
4,84,96
4,85,7201
4,86,4088
4,87,5730
4,88,3926
4,89,540
4,90,2750
4,91,6526
4,92,3442
4,93,1028
4,94,0
4,95,555
4,96,3478
4,97,2918
4,98,6472
4,99,3109
4,100,1361
4,101,7293
4,102,9046
4,103,2661
4,104,1247
4,105,4746
4,106,5344
4,107,1769
4,108,468
4,109,141
4,110,715
4,111,6787
4,112,893
4,113,11466
4,114,1686
4,115,5287
4,116,8302
4,117,33
4,118,2770
4,119,1455
4,120,1603
4,121,224
4,122,3111
4,123,151
4,124,510
4,125,0
4,126,277
4,127,292
5,0,4505
5,1,929
5,2,1861
5,3,63
5,4,7
5,5,16264
5,6,70
5,7,6468
5,8,623
5,9,754
5,10,2576
5,11,1238
5,12,6
5,13,751
5,14,9
5,15,4
5,16,5179
5,17,1027
5,18,7002
5,19,686
5,20,1850
5,21,141
5,22,5680
5,23,1555
5,24,2230
5,25,1162
5,26,104
5,27,0
5,28,0
5,29,52
5,30,6589
5,31,9221
5,32,974
5,33,5044
5,34,3620
5,35,44
5,36,436
5,37,4541
5,38,157
5,39,47
5,40,19
5,41,216
5,42,4601
5,43,782
5,44,300
5,45,930
5,46,246
5,47,5483
5,48,5921
5,49,6955
5,50,2
5,51,3997
5,52,1168
5,53,6922
5,54,5368
5,55,12373
5,56,1101
5,57,0
5,58,2761
5,59,7302
5,60,512
5,61,4457
5,62,363
5,63,3133
5,64,6413
5,65,108
5,66,4806
5,67,523
5,68,2401
5,69,55
5,70,74
5,71,8482
5,72,48
5,73,798
5,74,1481
5,75,9568
5,76,1314
5,77,6602
5,78,6754
5,79,26225
5,80,6298
5,81,1133
5,82,3463
5,83,2890
5,84,1150
5,85,27
5,86,1547
5,87,5713
5,88,101
5,89,293
5,90,5471
5,91,702
5,92,8
5,93,7599
5,94,1011
5,95,559
5,96,4324
5,97,11827
5,98,264
5,99,11746
5,100,1110
5,101,943
5,102,2666
5,103,7085
5,104,1045
5,105,6430
5,106,446
5,107,3934
5,108,4732
5,109,206
5,110,5094
5,111,7687
5,112,5938
5,113,2787
5,114,718
5,115,6469
5,116,3852
5,117,2494
5,118,86
5,119,93
5,120,98
5,121,2
5,122,4225
5,123,2246
5,124,1117
5,125,6103
5,126,5026
5,127,425
6,0,3672
6,1,4500
6,2,4
6,3,402
6,4,741
6,5,0
6,6,6779
6,7,1672
6,8,190
6,9,834
6,10,9324
6,11,204
6,12,71
6,13,11977
6,14,13236
6,15,7
6,16,746
6,17,956
6,18,1371
6,19,756
6,20,2745
6,21,10
6,22,18399
6,23,24396
6,24,3208
6,25,294
6,26,1211
6,27,116
6,28,257
6,29,68
6,30,928
6,31,1
6,32,114
6,33,218
6,34,7126
6,35,854
6,36,303
6,37,111
6,38,2038
6,39,6390
6,40,9
6,41,5339
6,42,2365
6,43,289
6,44,892
6,45,0
6,46,406
6,47,840
6,48,352
6,49,86
6,50,103
6,51,12
6,52,4437
6,53,1964
6,54,15168
6,55,2733
6,56,13775
6,57,16
6,58,5324
6,59,12
6,60,3
6,61,877
6,62,5743
6,63,12434
6,64,2906
6,65,1992
6,66,119
6,67,99
6,68,8
6,69,105
6,70,446
6,71,3041
6,72,346
6,73,34
6,74,145
6,75,5040
6,76,325
6,77,2791
6,78,810
6,79,3189
6,80,16
6,81,375
6,82,5
6,83,3796
6,84,1442
6,85,8496
6,86,6382
6,87,5090
6,88,2218
6,89,22086
6,90,10
6,91,105
6,92,37
6,93,6549
6,94,659
6,95,10
6,96,5659
6,97,9295
6,98,296
6,99,3805
6,100,19569
6,101,2076
6,102,2
6,103,4580
6,104,7239
6,105,4778
6,106,4
6,107,3007
6,108,372
6,109,13340
6,110,3821
6,111,434
6,112,31
6,113,11
6,114,122
6,115,7067
6,116,1811
6,117,184
6,118,1450
6,119,3661
6,120,968
6,121,21
6,122,588
6,123,1988
6,124,1161
6,125,9970
6,126,397
6,127,7429
7,0,97
7,1,25734
7,2,4068
7,3,1555
7,4,7860
7,5,20252
7,6,63
7,7,2009
7,8,3955
7,9,884
7,10,221
7,11,2166
7,12,300
7,13,21690
7,14,33
7,15,16
7,16,8
7,17,5535
7,18,2737
7,19,1503
7,20,2016
7,21,1695
7,22,106
7,23,2
7,24,2671
7,25,1318
7,26,5776
7,27,3775
7,28,104
7,29,744
7,30,397
7,31,1844
7,32,2900
7,33,11329
7,34,2388
7,35,4
7,36,603
7,37,11
7,38,1023
7,39,2061
7,40,9122
7,41,42
7,42,3
7,43,2809
7,44,4509
7,45,2679
7,46,667
7,47,3422
7,48,19242
7,49,4812
7,50,3996
7,51,2788
7,52,858
7,53,15912
7,54,7
7,55,2
7,56,1633
7,57,2
7,58,7329
7,59,2944
7,60,2816
7,61,2135
7,62,2144
7,63,543
7,64,23
7,65,17
7,66,430
7,67,611
7,68,9
7,69,137
7,70,1839
7,71,12
7,72,5934
7,73,6727
7,74,8349
7,75,1904
7,76,4239
7,77,3
7,78,9
7,79,131
7,80,7
7,81,589
7,82,6942
7,83,6179
7,84,135
7,85,50
7,86,1487
7,87,5176
7,88,4338
7,89,5344
7,90,0
7,91,5947
7,92,31
7,93,1168
7,94,1247
7,95,5540
7,96,73
7,97,11
7,98,1695
7,99,443
7,100,25835
7,101,540
7,102,6
7,103,328
7,104,57
7,105,5
7,106,10240
7,107,75
7,108,20196
7,109,3538
7,110,2264
7,111,3915
7,112,3935
7,113,323
7,114,13
7,115,396
7,116,1101
7,117,5
7,118,123
7,119,223
7,120,107
7,121,215
7,122,19
7,123,3763
7,124,3781
7,125,272
7,126,105
7,127,3191
8,0,825
8,1,0
8,2,4273
8,3,516
8,4,4123
8,5,1717
8,6,1884
8,7,2
8,8,4850
8,9,69
8,10,554
8,11,348
8,12,2
8,13,670
8,14,3464
8,15,2356
8,16,2125
8,17,4078
8,18,1368
8,19,2764
8,20,4062
8,21,6841
8,22,2536
8,23,1580
8,24,5183
8,25,3255
8,26,263
8,27,7109
8,28,6499
8,29,30
8,30,1639
8,31,15
8,32,10721
8,33,3019
8,34,0
8,35,15299
8,36,3454
8,37,1920
8,38,3862
8,39,5203
8,40,922
8,41,1637
8,42,24
8,43,247
8,44,22498
8,45,2606
8,46,559
8,47,22344
8,48,174
8,49,5
8,50,738
8,51,3864
8,52,183
8,53,3489
8,54,3981
8,55,7211
8,56,11194
8,57,2645
8,58,38
8,59,53
8,60,98
8,61,9879
8,62,556
8,63,1
8,64,4530
8,65,2813
8,66,2479
8,67,1338
8,68,2595
8,69,287
8,70,6750
8,71,12
8,72,5178
8,73,0
8,74,2268
8,75,115
8,76,3917
8,77,1772
8,78,1617
8,79,6599
8,80,2427
8,81,137
8,82,1321
8,83,1333
8,84,4658
8,85,112
8,86,5895
8,87,4904
8,88,190
8,89,336
8,90,13627
8,91,340
8,92,962
8,93,14
8,94,4949
8,95,6722
8,96,103
8,97,4
8,98,694
8,99,7238
8,100,10891
8,101,530
8,102,1456
8,103,2067
8,104,4211
8,105,1837
8,106,3371
8,107,42
8,108,13579
8,109,3063
8,110,473
8,111,270
8,112,1
8,113,504
8,114,184
8,115,1773
8,116,1512
8,117,591
8,118,365
8,119,0
8,120,0
8,121,4022
8,122,13381
8,123,3927
8,124,883
8,125,3360
8,126,86
8,127,9177
9,0,7985
9,1,3549
9,2,2875
9,3,0
9,4,199
9,5,10510
9,6,292
9,7,9215
9,8,321
9,9,4456
9,10,662
9,11,292
9,12,13
9,13,133
9,14,373
9,15,49
9,16,120
9,17,16106
9,18,17
9,19,408
9,20,14
9,21,138
9,22,5998
9,23,173
9,24,5284
9,25,3283
9,26,855
9,27,48
9,28,4529
9,29,0
9,30,0
9,31,19
9,32,7880
9,33,3678
9,34,448
9,35,14592
9,36,1
9,37,13891
9,38,392
9,39,219
9,40,2405
9,41,4311
9,42,3
9,43,6778
9,44,309
9,45,3130
9,46,141
9,47,28
9,48,7941
9,49,5724
9,50,812
9,51,1255
9,52,2967
9,53,746
9,54,7
9,55,2351
9,56,1740
9,57,159
9,58,337
9,59,28
9,60,6387
9,61,3
9,62,8444
9,63,128
9,64,640
9,65,5081
9,66,6951
9,67,1164
9,68,3455
9,69,347
9,70,270
9,71,9784
9,72,2
9,73,36
9,74,249
9,75,98
9,76,24014
9,77,320
9,78,215
9,79,3710
9,80,13175
9,81,1461
9,82,4377
9,83,4781
9,84,952
9,85,2515
9,86,8591
9,87,688
9,88,26
9,89,3314
9,90,1051
9,91,555
9,92,1762
9,93,2
9,94,5697
9,95,7
9,96,5818
9,97,16353
9,98,2644
9,99,14527
9,100,5107
9,101,19
9,102,9609
9,103,4711
9,104,2906
9,105,6984
9,106,2568
9,107,361
9,108,1518
9,109,854
9,110,4810
9,111,7579
9,112,2674
9,113,4340
9,114,883
9,115,89
9,116,3517
9,117,1978
9,118,403
9,119,3
9,120,3
9,121,0
9,122,2840
9,123,627
9,124,1045
9,125,1833
9,126,3
9,127,6169
10,0,102
10,1,190
10,2,3449
10,3,4054
10,4,5015
10,5,257
10,6,104
10,7,1071
10,8,59
10,9,1174
10,10,3844
10,11,4
10,12,780
10,13,6298
10,14,6112
10,15,1069
10,16,6913
10,17,0
10,18,26283
10,19,67
10,20,237
10,21,219
10,22,706
10,23,294
10,24,9
10,25,24383
10,26,4287
10,27,3736
10,28,37
10,29,227
10,30,8351
10,31,721
10,32,65
10,33,2807
10,34,465
10,35,5926
10,36,383
10,37,239
10,38,431
10,39,2277
10,40,10290
10,41,2914
10,42,240
10,43,1072
10,44,1
10,45,2966
10,46,415
10,47,1405
10,48,416
10,49,0
10,50,10915
10,51,2783
10,52,6437
10,53,386
10,54,271
10,55,2962
10,56,326
10,57,4361
10,58,381
10,59,152
10,60,26
10,61,4689
10,62,5487
10,63,913
10,64,5886
10,65,176
10,66,1572
10,67,272
10,68,1236
10,69,6618
10,70,4564
10,71,3529
10,72,348
10,73,6115
10,74,3194
10,75,3050
10,76,17927
10,77,271
10,78,620
10,79,0
10,80,3560
10,81,233
10,82,10118
10,83,6084
10,84,482
10,85,11660
10,86,547
10,87,1726
10,88,4968
10,89,168
10,90,1429
10,91,8636
10,92,974
10,93,0
10,94,12368
10,95,6983
10,96,1412
10,97,1776
10,98,4260
10,99,8870
10,100,782
10,101,866
10,102,332
10,103,5051
10,104,38
10,105,4550
10,106,6
10,107,6277
10,108,7097
10,109,3285
10,110,4954
10,111,126
10,112,387
10,113,5237
10,114,402
10,115,42
10,116,1529
10,117,0
10,118,591
10,119,4841
10,120,6969
10,121,330
10,122,440
10,123,7121
10,124,4403
10,125,1
10,126,3027
10,127,447
11,0,1724
11,1,1117
11,2,82
11,3,1486
11,4,176
11,5,1002
11,6,49
11,7,1173
11,8,5830
11,9,405
11,10,10
11,11,3360
11,12,2752
11,13,5867
11,14,805
11,15,126
11,16,9325
11,17,404
11,18,5897
11,19,74
11,20,1630
11,21,1391
11,22,1839
11,23,412
11,24,3752
11,25,3796
11,26,6331
11,27,77
11,28,663
11,29,8801
11,30,4105
11,31,301
11,32,252
11,33,3525
11,34,0
11,35,0
11,36,285
11,37,309
11,38,1180
11,39,1034
11,40,2019
11,41,8933
11,42,2825
11,43,8471
11,44,2
11,45,7731
11,46,12671
11,47,6333
11,48,1247
11,49,4912
11,50,6886
11,51,142
11,52,2300
11,53,4255
11,54,696
11,55,4477
11,56,2811
11,57,1
11,58,7406
11,59,7364
11,60,10290
11,61,5494
11,62,338
11,63,1054
11,64,348
11,65,515
11,66,5
11,67,3455
11,68,3195
11,69,7083
11,70,67
11,71,5656
11,72,2021
11,73,6119
11,74,18
11,75,324
11,76,570
11,77,108
11,78,6536
11,79,7630
11,80,0
11,81,1594
11,82,390
11,83,19
11,84,143
11,85,14030
11,86,5980
11,87,3636
11,88,2
11,89,5714
11,90,5452
11,91,1
11,92,4125
11,93,24
11,94,8703
11,95,4390
11,96,2471
11,97,7138
11,98,4656
11,99,8560
11,100,8293
11,101,3166
11,102,2799
11,103,2081
11,104,450
11,105,14562
11,106,11
11,107,3375
11,108,155
11,109,3851
11,110,109
11,111,5040
11,112,5
11,113,76
11,114,977
11,115,20590
11,116,5170
11,117,101
11,118,21
11,119,5
11,120,813
11,121,783
11,122,6442
11,123,43
11,124,495
11,125,2653
11,126,466
11,127,1
12,0,2427
12,1,38
12,2,18415
12,3,12
12,4,7061
12,5,0
12,6,797
12,7,3423
12,8,1949
12,9,2761
12,10,97
12,11,276
12,12,3362
12,13,2
12,14,7536
12,15,4092
12,16,1027
12,17,152
12,18,825
12,19,72
12,20,671
12,21,3561
12,22,530
12,23,333
12,24,3175
12,25,343
12,26,5797
12,27,6552
12,28,65
12,29,38
12,30,4370
12,31,102
12,32,8568
12,33,12
12,34,34260
12,35,1298
12,36,8226
12,37,312
12,38,5605
12,39,112
12,40,3522
12,41,356
12,42,9118
12,43,3083
12,44,300
12,45,44
12,46,23323
12,47,449
12,48,6
12,49,43
12,50,660
12,51,259
12,52,6055
12,53,7344
12,54,849
12,55,51
12,56,2710
12,57,246
12,58,4037
12,59,294
12,60,1055
12,61,14647
12,62,208
12,63,4807
12,64,4517
12,65,6422
12,66,1799
12,67,967
12,68,6154
12,69,6953
12,70,76
12,71,510
12,72,8
12,73,2374
12,74,2290
12,75,7270
12,76,2062
12,77,472
12,78,95
12,79,2036
12,80,6666
12,81,4
12,82,21
12,83,258
12,84,1
12,85,2571
12,86,0
12,87,11877
12,88,97
12,89,1666
12,90,4909
12,91,507
12,92,2060
12,93,1135
12,94,1244
12,95,2828
12,96,1128
12,97,3273
12,98,1
12,99,4802
12,100,5554
12,101,3262
12,102,4921
12,103,8297
12,104,0
12,105,1145
12,106,68
12,107,3829
12,108,310
12,109,75
12,110,432
12,111,501
12,112,220
12,113,599
12,114,4358
12,115,6599
12,116,1172
12,117,3714
12,118,4580
12,119,24
12,120,4176
12,121,10428
12,122,165
12,123,2310
12,124,3713
12,125,1017
12,126,1579
12,127,9395
13,0,3099
13,1,1257
13,2,10569
13,3,0
13,4,4650
13,5,18
13,6,6482
13,7,105
13,8,3781
13,9,1
13,10,21007
13,11,43
13,12,3913
13,13,1077
13,14,32
13,15,4126
13,16,4617
13,17,8
13,18,698
13,19,1264
13,20,1896
13,21,5021
13,22,1
13,23,1357
13,24,5606
13,25,1305
13,26,3167
13,27,74
13,28,5245
13,29,1647
13,30,30
13,31,1068
13,32,983
13,33,1190
13,34,245
13,35,589
13,36,4885
13,37,68
13,38,1587
13,39,36
13,40,15826
13,41,6079
13,42,1030
13,43,142
13,44,6595
13,45,4044
13,46,0
13,47,8726
13,48,92
13,49,1241
13,50,7
13,51,694
13,52,1699
13,53,63
13,54,3
13,55,6774
13,56,9
13,57,5487
13,58,2944
13,59,233
13,60,51
13,61,3620
13,62,3689
13,63,747
13,64,29
13,65,4998
13,66,7410
13,67,3114
13,68,1726
13,69,0
13,70,3
13,71,7657
13,72,25
13,73,2331
13,74,402
13,75,6826
13,76,4006
13,77,1076
13,78,9554
13,79,8614
13,80,2932
13,81,2760
13,82,5347
13,83,1741
13,84,739
13,85,1181
13,86,300
13,87,2457
13,88,126
13,89,3865
13,90,3
13,91,4443
13,92,7432
13,93,2446
13,94,0
13,95,7063
13,96,0
13,97,251
13,98,5828
13,99,0
13,100,27
13,101,11762
13,102,6288
13,103,3609
13,104,4020
13,105,2105
13,106,26150
13,107,2105
13,108,202
13,109,8241
13,110,171
13,111,28
13,112,10063
13,113,6158
13,114,6
13,115,3702
13,116,198
13,117,1318
13,118,1272
13,119,251
13,120,4409
13,121,5076
13,122,216
13,123,8534
13,124,1694
13,125,1057
13,126,231
13,127,5096
14,0,16
14,1,2812
14,2,152
14,3,28445
14,4,2106
14,5,21
14,6,1439
14,7,6211
14,8,3737
14,9,143
14,10,4175
14,11,387
14,12,305
14,13,0
14,14,2881
14,15,6059
14,16,8309
14,17,3963
14,18,5443
14,19,183
14,20,4439
14,21,658
14,22,3682
14,23,25753
14,24,344
14,25,5
14,26,505
14,27,365
14,28,6101
14,29,361
14,30,204
14,31,477
14,32,1667
14,33,2284
14,34,9789
14,35,69
14,36,308
14,37,229
14,38,11079
14,39,8885
14,40,1680
14,41,3
14,42,1254
14,43,2
14,44,13819
14,45,0
14,46,5
14,47,1725
14,48,5245
14,49,1075
14,50,300
14,51,5694
14,52,26
14,53,15078
14,54,1
14,55,25392
14,56,2
14,57,17771
14,58,199
14,59,728
14,60,5631
14,61,702
14,62,3792
14,63,269
14,64,3051
14,65,0
14,66,288
14,67,2752
14,68,8545
14,69,9609
14,70,2
14,71,1408
14,72,1096
14,73,1
14,74,208
14,75,572
14,76,9399
14,77,143
14,78,212
14,79,4117
14,80,3008
14,81,1966
14,82,3111
14,83,2831
14,84,3645
14,85,1651
14,86,570
14,87,1446
14,88,110
14,89,685
14,90,1120
14,91,115
14,92,3437
14,93,1887
14,94,601
14,95,5866
14,96,774
14,97,281
14,98,317
14,99,3144
14,100,2365
14,101,8123
14,102,1001
14,103,99
14,104,10
14,105,3879
14,106,0
14,107,170
14,108,10691
14,109,1746
14,110,8709
14,111,6477
14,112,10
14,113,57
14,114,26
14,115,8954
14,116,113
14,117,573
14,118,21
14,119,2911
14,120,8
14,121,836
14,122,57
14,123,83
14,124,4
14,125,2595
14,126,1346
15,0,2635
15,1,10137
15,2,742
15,3,11170
15,4,334
15,5,151
15,6,15393
15,7,12083
15,8,3465
15,9,821
15,10,319
15,11,627
15,12,322
15,13,50
15,14,39
15,15,422
15,16,16398
15,17,33214
15,18,202
15,19,259
15,20,5699
15,21,37
15,22,3
15,23,3074
15,24,204
15,25,1126
15,26,89
15,27,472
15,28,1540
15,29,3083
15,30,6164
15,31,1784
15,32,12027
15,33,1227
15,34,7144
15,35,3862
15,36,33
15,37,5888
15,38,506
15,39,104
15,40,21100
15,41,3061
15,42,19
15,43,1
15,44,213
15,45,3075
15,46,9
15,47,36
15,48,352
15,49,3386
15,50,5771
15,51,2597
15,52,3448
15,53,15
15,54,2185
15,55,3797
15,56,2080
15,57,4698
15,58,1508
15,59,1404
15,60,3323
15,61,1388
15,62,1
15,63,182
15,64,442
15,65,0
15,66,340
15,67,1
15,68,1550
15,69,7062
15,70,2549
15,71,6274
15,72,4917
15,73,160
15,74,2
15,75,1163
15,76,510
15,77,8540
15,78,3248
15,79,245
15,80,1963
15,81,27
15,82,7905
15,83,1462
15,84,131
15,85,5487
15,86,768
15,87,8558
15,88,150
15,89,12342
15,90,2352
15,91,5392
15,92,1
15,93,761
15,94,4844
15,95,4995
15,96,2237
15,97,0
15,98,10938
15,99,196
15,100,8653
15,101,3199
15,102,1008
15,103,1803
15,104,190
15,105,0
15,106,3926
15,107,723
15,108,2
15,109,165
15,110,1064
15,111,100
15,112,179
15,113,5
15,114,98
15,115,542
15,116,9671
15,117,450
15,118,58
15,119,2382
15,120,5340
15,121,12683
15,122,448
15,123,475
15,124,1
15,125,2706
15,126,1707
15,127,1628
16,0,3588
16,1,4785
16,2,3
16,3,2
16,4,1935
16,5,594
16,6,411
16,7,2420
16,8,4986
16,9,602
16,10,1273
16,11,7442
16,12,1348
16,13,4919
16,14,37797
16,15,2725
16,16,14125
16,17,46
16,18,1427
16,19,80
16,20,4761
16,21,100
16,22,2687
16,23,314
16,24,1063
16,25,1891
16,26,12207
16,27,1201
16,28,1218
16,29,4568
16,30,25251
16,31,2
16,32,71
16,33,1936
16,34,36
16,35,2303
16,36,171
16,37,5133
16,38,2
16,39,3881
16,40,4041
16,41,113
16,42,292
16,43,7849
16,44,1856
16,45,2454
16,46,404
16,47,17
16,48,498
16,49,278
16,50,3300
16,51,5509
16,52,4010
16,53,332
16,54,2231
16,55,3476
16,56,649
16,57,800
16,58,30
16,59,6
16,60,3709
16,61,1
16,62,193
16,63,93
16,64,171
16,65,2602
16,66,7
16,67,25
16,68,256
16,69,58
16,70,164
16,71,23
16,72,96
16,73,2300
16,74,1080
16,75,8940
16,76,764
16,77,5024
16,78,6629
16,79,6818
16,80,12659
16,81,3376
16,82,1242
16,83,3840
16,84,489
16,85,87
16,86,28
16,87,131
16,88,59
16,89,3481
16,90,6501
16,91,357
16,92,117
16,93,1306
16,94,3409
16,95,5
16,96,265
16,97,549
16,98,275
16,99,674
16,100,1143
16,101,13219
16,102,14814
16,103,1205
16,104,10
16,105,5422
16,106,853
16,107,7
16,108,8778
16,109,933
16,110,4376
16,111,1310
16,112,1780
16,113,603
16,114,13169
16,115,9205
16,116,42
16,117,3029
16,118,12
16,119,4350
16,120,1
16,121,5055
16,122,107
16,123,5887
16,124,5188
16,125,0
16,126,643
16,127,16823
17,0,5874
17,1,12514
17,2,6613
17,3,1147
17,4,321
17,5,7463
17,6,6311
17,7,2545
17,8,14
17,9,15431
17,10,12
17,11,3544
17,12,349
17,13,422
17,14,5657
17,15,4627
17,16,69
17,17,8469
17,18,7148
17,19,5404
17,20,5185
17,21,2229
17,22,869
17,23,107
17,24,227
17,25,82
17,26,1043
17,27,973
17,28,4
17,29,44
17,30,2941
17,31,7
17,32,6
17,33,323
17,34,767
17,35,3372
17,36,9531
17,37,4299
17,38,158
17,39,1045
17,40,264
17,41,650
17,42,4202
17,43,3
17,44,1150
17,45,7929
17,46,2870
17,47,442
17,48,445
17,49,2311
17,50,3779
17,51,426
17,52,1544
17,53,4475
17,54,1423
17,55,3027
17,56,3
17,57,3820
17,58,831
17,59,1235
17,60,4
17,61,6036
17,62,15044
17,63,1818
17,64,6166
17,65,7021
17,66,8775
17,67,1
17,68,3708
17,69,4472
17,70,42
17,71,29
17,72,3874
17,73,2101
17,74,12
17,75,925
17,76,15
17,77,14211
17,78,2440
17,79,5059
17,80,2193
17,81,769
17,82,10096
17,83,1451
17,84,5446
17,85,5253
17,86,273
17,87,639
17,88,2417
17,89,605
17,90,725
17,91,5
17,92,6851
17,93,1543
17,94,19
17,95,136
17,96,3
17,97,2606
17,98,2
17,99,2619
17,100,8263
17,101,465
17,102,1843
17,103,12053
17,104,1837
17,105,1237
17,106,10308
17,107,1721
17,108,175
17,109,556
17,110,41
17,111,226
17,112,16534
17,113,410
17,114,1493
17,115,943
17,116,307
17,117,5282
17,118,1948
17,119,5
17,120,1890
17,121,25835
17,122,198
17,123,2326
17,124,614
17,125,162
17,126,3114
17,127,51
18,0,4818
18,1,2783
18,2,1
18,3,732
18,4,678
18,5,0
18,6,7372
18,7,1084
18,8,402
18,9,455
18,10,11849
18,11,517
18,12,632
18,13,8069
18,14,9880
18,15,6
18,16,138
18,17,2868
18,18,2891
18,19,445
18,20,2019
18,21,7
18,22,22028
18,23,22104
18,24,3175
18,25,557
18,26,2083
18,27,57
18,28,204
18,29,68
18,30,307
18,31,3
18,32,133
18,33,1080
18,34,5544
18,35,637
18,36,1305
18,37,27
18,38,1633
18,39,5224
18,40,4
18,41,5063
18,42,2482
18,43,98
18,44,1257
18,45,0
18,46,488
18,47,456
18,48,188
18,49,79
18,50,10
18,51,13
18,52,8552
18,53,54
18,54,24193
18,55,1459
18,56,10286
18,57,5
18,58,7082
18,59,5
18,60,1
18,61,1347
18,62,6482
18,63,12856
18,64,3560
18,65,2496
18,66,171
18,67,67
18,68,99
18,69,11
18,70,933
18,71,888
18,72,681
18,73,2
18,74,161
18,75,3615
18,76,93
18,77,2525
18,78,878
18,79,1408
18,80,7
18,81,594
18,82,3
18,83,1576
18,84,348
18,85,8369
18,86,3478
18,87,7867
18,88,1631
18,89,23443
18,90,106
18,91,3
18,92,48
18,93,9308
18,94,552
18,95,7
18,96,5016
18,97,6008
18,98,351
18,99,1176
18,100,18946
18,101,3611
18,102,7
18,103,5688
18,104,7778
18,105,4686
18,106,1
18,107,2655
18,108,33
18,109,14687
18,110,4364
18,111,65
18,112,46
18,113,8
18,114,181
18,115,5295
18,116,1562
18,117,27
18,118,963
18,119,4326
18,120,249
18,121,26
18,122,2695
18,123,930
18,124,1415
18,125,11228
18,126,648
18,127,7342
19,0,4
19,1,24782
19,2,3463
19,3,2359
19,4,7482
19,5,20854
19,6,57
19,7,1483
19,8,3550
19,9,941
19,10,278
19,11,2499
19,12,352
19,13,20315
19,14,23
19,15,20
19,16,6
19,17,5926
19,18,968
19,19,565
19,20,1713
19,21,1945
19,22,53
19,23,1
19,24,3076
19,25,1504
19,26,7087
19,27,1398
19,28,305
19,29,1574
19,30,358
19,31,1854
19,32,3875
19,33,10645
19,34,1925
19,35,6
19,36,404
19,37,7
19,38,466
19,39,1410
19,40,7201
19,41,44
19,42,1
19,43,1930
19,44,9057
19,45,3274
19,46,707
19,47,4434
19,48,23831
19,49,4801
19,50,2425
19,51,3321
19,52,869
19,53,20215
19,54,5
19,55,0
19,56,2474
19,57,3
19,58,5024
19,59,4714
19,60,675
19,61,1761
19,62,2464
19,63,1114
19,64,54
19,65,7
19,66,487
19,67,241
19,68,113
19,69,71
19,70,862
19,71,7
19,72,4426
19,73,6018
19,74,9659
19,75,3683
19,76,4272
19,77,2
19,78,18
19,79,1163
19,80,3
19,81,537
19,82,7723
19,83,5177
19,84,147
19,85,34
19,86,876
19,87,3592
19,88,5399
19,89,4652
19,90,1
19,91,5530
19,92,125
19,93,1614
19,94,1214
19,95,3915
19,96,18
19,97,4
19,98,1657
19,99,337
19,100,25488
19,101,1097
19,102,0
19,103,197
19,104,48
19,105,99
19,106,9194
19,107,17
19,108,24481
19,109,1090
19,110,2401
19,111,1841
19,112,3845
19,113,252
19,114,14
19,115,270
19,116,1560
19,117,4
19,118,136
19,119,101
19,120,1
19,121,204
19,122,2
19,123,5135
19,124,1971
19,125,542
19,126,3
19,127,3708
20,0,220
20,1,0
20,2,2467
20,3,489
20,4,3451
20,5,3256
20,6,881
20,7,1
20,8,6126
20,9,387
20,10,236
20,11,125
20,12,1
20,13,485
20,14,2285
20,15,1114
20,16,2591
20,17,6446
20,18,1319
20,19,2658
20,20,470
20,21,7889
20,22,5882
20,23,1839
20,24,2166
20,25,3556
20,26,257
20,27,2795
20,28,3791
20,29,0
20,30,2520
20,31,13
20,32,12434
20,33,3404
20,34,4
20,35,8183
20,36,2412
20,37,1990
20,38,5571
20,39,3016
20,40,524
20,41,991
20,42,5
20,43,301
20,44,25782
20,45,3490
20,46,437
20,47,22426
20,48,126
20,49,0
20,50,486
20,51,1168
20,52,26
20,53,6083
20,54,4030
20,55,4716
20,56,12653
20,57,3285
20,58,96
20,59,9
20,60,4
20,61,10653
20,62,596
20,63,0
20,64,3303
20,65,3234
20,66,1867
20,67,646
20,68,2734
20,69,282
20,70,6413
20,71,2
20,72,6129
20,73,0
20,74,2279
20,75,36
20,76,4196
20,77,3335
20,78,1318
20,79,3047
20,80,2572
20,81,16
20,82,1244
20,83,1141
20,84,4827
20,85,76
20,86,5803
20,87,4721
20,88,158
20,89,344
20,90,17264
20,91,601
20,92,815
20,93,3
20,94,5291
20,95,6783
20,96,103
20,97,4
20,98,609
20,99,3981
20,100,14317
20,101,2382
20,102,2546
20,103,1894
20,104,3906
20,105,6123
20,106,4485
20,107,5
20,108,19081
20,109,498
20,110,410
20,111,172
20,112,0
20,113,161
20,114,2604
20,115,1412
20,116,1930
20,117,798
20,118,143
20,119,3
20,120,12
20,121,4641
20,122,15422
20,123,3427
20,124,3854
20,125,1105
20,126,74
20,127,6017
21,0,9881
21,1,5908
21,2,4681
21,3,1
21,4,12
21,5,11197
21,6,341
21,7,10322
21,8,308
21,9,5214
21,10,822
21,11,110
21,12,108
21,13,294
21,14,232
21,15,20
21,16,35
21,17,16945
21,18,3
21,19,79
21,20,104
21,21,153
21,22,4085
21,23,485
21,24,4500
21,25,1986
21,26,499
21,27,8
21,28,3710
21,29,0
21,30,3
21,31,93
21,32,3273
21,33,3982
21,34,272
21,35,11582
21,36,3
21,37,13238
21,38,322
21,39,115
21,40,1683
21,41,2207
21,42,5
21,43,4772
21,44,179
21,45,1241
21,46,171
21,47,666
21,48,5721
21,49,4699
21,50,1770
21,51,876
21,52,5048
21,53,474
21,54,4
21,55,2433
21,56,1442
21,57,98
21,58,132
21,59,23
21,60,8298
21,61,76
21,62,4582
21,63,43
21,64,110
21,65,4282
21,66,7094
21,67,778
21,68,5843
21,69,1628
21,70,514
21,71,10546
21,72,7
21,73,29
21,74,232
21,75,103
21,76,25481
21,77,64
21,78,235
21,79,3789
21,80,13467
21,81,1844
21,82,6626
21,83,2768
21,84,615
21,85,2738
21,86,8487
21,87,1040
21,88,4
21,89,3122
21,90,697
21,91,472
21,92,1675
21,93,2
21,94,5212
21,95,14
21,96,5795
21,97,18279
21,98,2234
21,99,18432
21,100,5498
21,101,1
21,102,10472
21,103,4931
21,104,1036
21,105,6367
21,106,1438
21,107,221
21,108,994
21,109,205
21,110,4942
21,111,13079
21,112,2146
21,113,4667
21,114,743
21,115,54
21,116,3024
21,117,824
21,118,838
21,119,0
21,120,0
21,121,2
21,122,4343
21,123,388
21,124,691
21,125,4520
21,126,6
21,127,5959
22,0,105
22,1,60
22,2,1906
22,3,1318
22,4,5104
22,5,192
22,6,357
22,7,1348
22,8,20
22,9,3111
22,10,3440
22,11,1
22,12,1317
22,13,3065
22,14,4389
22,15,1032
22,16,5840
22,17,2
22,18,28952
22,19,3347
22,20,118
22,21,120
22,22,143
22,23,2447
22,24,1
22,25,23449
22,26,3403
22,27,4499
22,28,17
22,29,149
22,30,7226
22,31,1435
22,32,156
22,33,1899
22,34,301
22,35,4357
22,36,1511
22,37,30
22,38,140
22,39,2666
22,40,10017
22,41,2575
22,42,147
22,43,2104
22,44,0
22,45,1812
22,46,190
22,47,877
22,48,204
22,49,3
22,50,11317
22,51,1001
22,52,7969
22,53,16
22,54,97
22,55,4303
22,56,3386
22,57,3373
22,58,1291
22,59,117
22,60,999
22,61,4969
22,62,5128
22,63,2527
22,64,6046
22,65,146
22,66,1036
22,67,102
22,68,3936
22,69,15053
22,70,3277
22,71,3513
22,72,60
22,73,4481
22,74,1841
22,75,1770
22,76,18937
22,77,144
22,78,3195
22,79,0
22,80,2423
22,81,219
22,82,8697
22,83,2432
22,84,197
22,85,12792
22,86,404
22,87,1436
22,88,3745
22,89,31
22,90,1866
22,91,8819
22,92,686
22,93,0
22,94,13918
22,95,7066
22,96,1620
22,97,1724
22,98,7591
22,99,8177
22,100,265
22,101,358
22,102,93
22,103,5707
22,104,2
22,105,5057
22,106,0
22,107,6397
22,108,5268
22,109,2559
22,110,4365
22,111,103
22,112,955
22,113,4608
22,114,179
22,115,11
22,116,976
22,117,95
22,118,454
22,119,3545
22,120,6798
22,121,184
22,122,270
22,123,4020
22,124,7045
22,125,3
22,126,2719
22,127,405
23,0,2552
23,1,2831
23,2,57
23,3,4260
23,4,1099
23,5,890
23,6,42
23,7,3985
23,8,4108
23,9,903
23,10,5
23,11,3265
23,12,2766
23,13,4574
23,14,588
23,15,83
23,16,6248
23,17,82
23,18,6641
23,19,29
23,20,4991
23,21,3536
23,22,3848
23,23,4386
23,24,5064
23,25,6317
23,26,3546
23,27,29
23,28,1041
23,29,7251
23,30,5955
23,31,287
23,32,286
23,33,2390
23,34,0
23,35,0
23,36,342
23,37,188
23,38,200
23,39,348
23,40,1167
23,41,7895
23,42,4931
23,43,10417
23,44,0
23,45,6446
23,46,11856
23,47,2758
23,48,1255
23,49,5005
23,50,5394
23,51,48
23,52,3310
23,53,3110
23,54,3779
23,55,4994
23,56,4188
23,57,0
23,58,6080
23,59,7985
23,60,11112
23,61,5379
23,62,225
23,63,1207
23,64,401
23,65,256
23,66,10
23,67,2432
23,68,2277
23,69,7010
23,70,48
23,71,4012
23,72,3873
23,73,5548
23,74,21
23,75,244
23,76,130
23,77,46
23,78,2973
23,79,6086
23,80,93
23,81,1710
23,82,156
23,83,161
23,84,183
23,85,13450
23,86,5652
23,87,2112
23,88,3
23,89,3243
23,90,5103
23,91,0
23,92,4736
23,93,0
23,94,8441
23,95,4622
23,96,6458
23,97,8665
23,98,4531
23,99,9971
23,100,7479
23,101,2496
23,102,1581
23,103,1836
23,104,65
23,105,12541
23,106,1
23,107,2802
23,108,80
23,109,2608
23,110,49
23,111,3664
23,112,2
23,113,26
23,114,887
23,115,21886
23,116,6060
23,117,70
23,118,12
23,119,1
23,120,501
23,121,788
23,122,4635
23,123,1
23,124,294
23,125,4070
23,126,570
24,0,5267
24,1,10
24,2,21420
24,3,5
24,4,8831
24,5,1
24,6,1278
24,7,1432
24,8,3613
24,9,2316
24,10,103
24,11,121
24,12,2024
24,13,0
24,14,9593
24,15,5029
24,16,661
24,17,101
24,18,537
24,19,64
24,20,278
24,21,4025
24,22,1533
24,23,1641
24,24,2076
24,25,4694
24,26,4139
24,27,6183
24,28,115
24,29,21
24,30,4650
24,31,6
24,32,8024
24,33,83
24,34,35740
24,35,1942
24,36,4965
24,37,290
24,38,5966
24,39,295
24,40,3429
24,41,536
24,42,7115
24,43,3766
24,44,131
24,45,61
24,46,20665
24,47,173
24,48,0
24,49,188
24,50,406
24,51,87
24,52,5357
24,53,6240
24,54,641
24,55,34
24,56,2647
24,57,212
24,58,4179
24,59,154
24,60,480
24,61,13295
24,62,60
24,63,4097
24,64,5817
24,65,7513
24,66,2107
24,67,2893
24,68,4358
24,69,5485
24,70,153
24,71,2336
24,72,5
24,73,11274
24,74,1915
24,75,9781
24,76,2092
24,77,218
24,78,185
24,79,2886
24,80,5793
24,81,17
24,82,7
24,83,217
24,84,0
24,85,1620
24,86,2
24,87,11918
24,88,0
24,89,956
24,90,4807
24,91,222
24,92,2077
24,93,553
24,94,907
24,95,2122
24,96,4026
24,97,1342
24,98,7
24,99,5298
24,100,4185
24,101,1361
24,102,4133
24,103,5236
24,104,0
24,105,960
24,106,69
24,107,2849
24,108,272
24,109,42
24,110,211
24,111,643
24,112,3156
24,113,398
24,114,4094
24,115,4756
24,116,576
24,117,3867
24,118,4364
24,119,23
24,120,3155
24,121,7504
24,122,136
24,123,2697
24,124,2029
24,125,503
24,126,1499
24,127,10564
25,0,2497
25,1,689
25,2,7716
25,3,0
25,4,4635
25,5,8
25,6,5168
25,7,90
25,8,3378
25,9,2
25,10,14722
25,11,89
25,12,2711
25,13,638
25,14,2
25,15,5181
25,16,2327
25,17,101
25,18,4199
25,19,1528
25,20,2146
25,21,2533
25,22,0
25,23,1218
25,24,5162
25,25,543
25,26,4147
25,27,43
25,28,5081
25,29,1225
25,30,38
25,31,707
25,32,1028
25,33,1327
25,34,203
25,35,308
25,36,3566
25,37,47
25,38,1716
25,39,35
25,40,13866
25,41,4883
25,42,695
25,43,134
25,44,5129
25,45,8138
25,46,0
25,47,9066
25,48,1
25,49,2719
25,50,2
25,51,1016
25,52,1357
25,53,21
25,54,2
25,55,5446
25,56,134
25,57,6604
25,58,4907
25,59,1188
25,60,292
25,61,5524
25,62,6979
25,63,793
25,64,0
25,65,3620
25,66,6182
25,67,2999
25,68,983
25,69,0
25,70,3
25,71,4247
25,72,7
25,73,2608
25,74,242
25,75,5282
25,76,3095
25,77,1026
25,78,8811
25,79,6860
25,80,1980
25,81,2559
25,82,8159
25,83,2229
25,84,358
25,85,377
25,86,177
25,87,1417
25,88,32
25,89,2815
25,90,4
25,91,12165
25,92,7544
25,93,3790
25,94,1
25,95,4231
25,96,0
25,97,109
25,98,3930
25,99,2329
25,100,7
25,101,13444
25,102,5923
25,103,5073
25,104,9839
25,105,1589
25,106,28546
25,107,3238
25,108,83
25,109,7188
25,110,143
25,111,11
25,112,10579
25,113,4773
25,114,0
25,115,2484
25,116,102
25,117,4110
25,118,2816
25,119,125
25,120,5436
25,121,4188
25,122,41
25,123,7410
25,124,1385
25,125,1282
25,126,158
25,127,7422
26,0,18
26,1,2279
26,2,43
26,3,27022
26,4,5996
26,5,39
26,6,1979
26,7,3625
26,8,3513
26,9,145
26,10,3094
26,11,416
26,12,421
26,13,0
26,14,3353
26,15,8115
26,16,6581
26,17,4700
26,18,5118
26,19,94
26,20,4118
26,21,767
26,22,6750
26,23,22208
26,24,248
26,25,1
26,26,945
26,27,256
26,28,4350
26,29,210
26,30,511
26,31,207
26,32,2975
26,33,3190
26,34,8700
26,35,58
26,36,158
26,37,351
26,38,12175
26,39,4609
26,40,1312
26,41,3
26,42,1891
26,43,0
26,44,14297
26,45,96
26,46,36
26,47,2386
26,48,5041
26,49,879
26,50,247
26,51,5318
26,52,4
26,53,13954
26,54,66
26,55,18049
26,56,0
26,57,14874
26,58,677
26,59,425
26,60,6938
26,61,344
26,62,3795
26,63,719
26,64,4092
26,65,4
26,66,1648
26,67,2976
26,68,7056
26,69,9366
26,70,99
26,71,7049
26,72,393
26,73,3102
26,74,328
26,75,457
26,76,9650
26,77,95
26,78,155
26,79,2532
26,80,2694
26,81,788
26,82,3577
26,83,2352
26,84,3146
26,85,1457
26,86,4195
26,87,755
26,88,62
26,89,599
26,90,852
26,91,23
26,92,5626
26,93,549
26,94,431
26,95,7492
26,96,267
26,97,47
26,98,2499
26,99,2433
26,100,4036
26,101,8130
26,102,1843
26,103,112
26,104,24
26,105,3923
26,106,0
26,107,209
26,108,11158
26,109,2258
26,110,8679
26,111,3983
26,112,9
26,113,7
26,114,26
26,115,10741
26,116,102
26,117,558
26,118,12
26,119,3024
26,120,7
26,121,515
26,122,5
26,123,6
26,124,20
26,125,2746
26,126,1548
27,0,5393
27,1,8312
27,2,1241
27,3,12173
27,4,645
27,5,86
27,6,13241
27,7,12109
27,8,3798
27,9,1239
27,10,216
27,11,458
27,12,63
27,13,20
27,14,58
27,15,300
27,16,16100
27,17,31219
27,18,243
27,19,188
27,20,5444
27,21,15
27,22,0
27,23,3689
27,24,177
27,25,4171
27,26,133
27,27,244
27,28,1561
27,29,3840
27,30,5542
27,31,315
27,32,14851
27,33,1255
27,34,7460
27,35,4266
27,36,73
27,37,3861
27,38,44
27,39,109
27,40,20285
27,41,3013
27,42,2
27,43,5
27,44,102
27,45,3930
27,46,137
27,47,9
27,48,99
27,49,3566
27,50,2666
27,51,4146
27,52,3498
27,53,4
27,54,3308
27,55,3294
27,56,1831
27,57,4659
27,58,2279
27,59,2074
27,60,2367
27,61,1696
27,62,1
27,63,94
27,64,316
27,65,0
27,66,22
27,67,1
27,68,1540
27,69,7407
27,70,4154
27,71,5496
27,72,3892
27,73,170
27,74,6
27,75,1224
27,76,690
27,77,7852
27,78,1744
27,79,107
27,80,2103
27,81,12
27,82,9129
27,83,1729
27,84,155
27,85,4517
27,86,1272
27,87,5386
27,88,75
27,89,12563
27,90,1377
27,91,4442
27,92,0
27,93,614
27,94,4637
27,95,4533
27,96,2136
27,97,0
27,98,8906
27,99,409
27,100,8098
27,101,4515
27,102,904
27,103,1064
27,104,245
27,105,0
27,106,3216
27,107,681
27,108,0
27,109,230
27,110,756
27,111,28
27,112,30
27,113,10
27,114,96
27,115,234
27,116,9645
27,117,915
27,118,8
27,119,2359
27,120,5500
27,121,12692
27,122,214
27,123,171
27,124,0
27,125,3207
27,126,7003
27,127,5562
28,0,3763
28,1,2817
28,2,1
28,3,2
28,4,1977
28,5,722
28,6,651
28,7,1631
28,8,4034
28,9,777
28,10,1087
28,11,5577
28,12,1063
28,13,5614
28,14,36833
28,15,1918
28,16,17752
28,17,117
28,18,913
28,19,125
28,20,3322
28,21,3
28,22,2861
28,23,947
28,24,1430
28,25,1353
28,26,8657
28,27,1294
28,28,1284
28,29,4170
28,30,25062
28,31,1
28,32,312
28,33,1539
28,34,156
28,35,5178
28,36,62
28,37,5251
28,38,0
28,39,4396
28,40,2559
28,41,16
28,42,730
28,43,5066
28,44,7435
28,45,2067
28,46,372
28,47,6
28,48,4765
28,49,323
28,50,4040
28,51,3907
28,52,3815
28,53,335
28,54,2955
28,55,2012
28,56,395
28,57,821
28,58,84
28,59,9
28,60,2554
28,61,0
28,62,958
28,63,69
28,64,102
28,65,2158
28,66,3
28,67,9
28,68,110
28,69,23
28,70,181
28,71,23
28,72,86
28,73,2122
28,74,1645
28,75,8494
28,76,1011
28,77,4640
28,78,8759
28,79,7773
28,80,11337
28,81,4397
28,82,2102
28,83,3641
28,84,273
28,85,148
28,86,39
28,87,56
28,88,139
28,89,4129
28,90,5775
28,91,260
28,92,121
28,93,3498
28,94,4105
28,95,0
28,96,232
28,97,1432
28,98,93
28,99,954
28,100,3365
28,101,11509
28,102,13233
28,103,2034
28,104,13
28,105,7808
28,106,1133
28,107,6
28,108,7327
28,109,1381
28,110,5169
28,111,1245
28,112,2853
28,113,807
28,114,11875
28,115,3874
28,116,33
28,117,4040
28,118,3
28,119,4231
28,120,1
28,121,4192
28,122,61
28,123,4011
28,124,4159
28,125,25
28,126,125
28,127,18888
29,0,5747
29,1,14736
29,2,5924
29,3,932
29,4,395
29,5,6077
29,6,4581
29,7,3530
29,8,2
29,9,14394
29,10,18
29,11,4108
29,12,306
29,13,1027
29,14,4887
29,15,4276
29,16,114
29,17,6618
29,18,5835
29,19,4372
29,20,4453
29,21,3833
29,22,645
29,23,97
29,24,131
29,25,68
29,26,1507
29,27,505
29,28,5
29,29,190
29,30,3483
29,31,3
29,32,5
29,33,133
29,34,606
29,35,4745
29,36,11517
29,37,4297
29,38,223
29,39,994
29,40,129
29,41,692
29,42,3776
29,43,1
29,44,2223
29,45,6173
29,46,3462
29,47,463
29,48,1565
29,49,1670
29,50,3714
29,51,550
29,52,1989
29,53,3977
29,54,2245
29,55,4202
29,56,0
29,57,4213
29,58,508
29,59,1098
29,60,2
29,61,5412
29,62,15994
29,63,3228
29,64,5014
29,65,6523
29,66,8621
29,67,0
29,68,3620
29,69,3150
29,70,0
29,71,20
29,72,3016
29,73,3876
29,74,84
29,75,1066
29,76,3
29,77,14292
29,78,1605
29,79,7041
29,80,5398
29,81,2133
29,82,13774
29,83,1460
29,84,4902
29,85,3503
29,86,190
29,87,855
29,88,3869
29,89,530
29,90,1277
29,91,1
29,92,7718
29,93,1548
29,94,29
29,95,36
29,96,3
29,97,2487
29,98,1
29,99,3677
29,100,8028
29,101,462
29,102,1493
29,103,9268
29,104,1559
29,105,1298
29,106,7396
29,107,1617
29,108,321
29,109,367
29,110,34
29,111,61
29,112,12291
29,113,89
29,114,1405
29,115,1195
29,116,494
29,117,4250
29,118,2357
29,119,1
29,120,2004
29,121,26025
29,122,2734
29,123,1467
29,124,549
29,125,177
29,126,2335
29,127,12
30,0,6180
30,1,4690
30,2,0
30,3,850
30,4,704
30,5,2
30,6,5966
30,7,856
30,8,14
30,9,268
30,10,9946
30,11,765
30,12,1905
30,13,1908
30,14,12338
30,15,7
30,16,111
30,17,3540
30,18,1696
30,19,595
30,20,4216
30,21,4
30,22,23004
30,23,19641
30,24,4277
30,25,923
30,26,2879
30,27,501
30,28,204
30,29,74
30,30,451
30,31,3
30,32,30
30,33,1552
30,34,3343
30,35,1130
30,36,469
30,37,61
30,38,1577
30,39,5986
30,40,2
30,41,5023
30,42,1239
30,43,79
30,44,1557
30,45,0
30,46,783
30,47,260
30,48,72
30,49,103
30,50,4
30,51,12
30,52,4982
30,53,253
30,54,23151
30,55,2040
30,56,8957
30,57,7
30,58,6196
30,59,16
30,60,0
30,61,1293
30,62,7567
30,63,12720
30,64,3134
30,65,1826
30,66,146
30,67,115
30,68,8
30,69,9
30,70,1070
30,71,432
30,72,1099
30,73,7
30,74,790
30,75,3320
30,76,61
30,77,2919
30,78,1688
30,79,606
30,80,16
30,81,630
30,82,4
30,83,3429
30,84,383
30,85,7288
30,86,3283
30,87,10161
30,88,2118
30,89,18505
30,90,108
30,91,29
30,92,87
30,93,8943
30,94,1052
30,95,11
30,96,6333
30,97,4149
30,98,51
30,99,1470
30,100,17782
30,101,5035
30,102,6
30,103,4488
30,104,7826
30,105,4576
30,106,1
30,107,2890
30,108,148
30,109,16415
30,110,3760
30,111,45
30,112,515
30,113,14
30,114,350
30,115,6272
30,116,2607
30,117,47
30,118,8121
30,119,4232
30,120,128
30,121,41
30,122,3883
30,123,1285
30,124,1625
30,125,7893
30,126,1196
30,127,7773
31,0,5
31,1,24285
31,2,3901
31,3,1363
31,4,7365
31,5,19813
31,6,109
31,7,1434
31,8,3413
31,9,885
31,10,417
31,11,2772
31,12,597
31,13,21332
31,14,33
31,15,20
31,16,4
31,17,6616
31,18,1861
31,19,812
31,20,1703
31,21,2843
31,22,96
31,23,2
31,24,1419
31,25,881
31,26,7217
31,27,2594
31,28,200
31,29,1742
31,30,444
31,31,1998
31,32,4293
31,33,12066
31,34,2370
31,35,12
31,36,478
31,37,4
31,38,578
31,39,1297
31,40,6076
31,41,15
31,42,2
31,43,1516
31,44,12089
31,45,2878
31,46,648
31,47,3932
31,48,18570
31,49,3964
31,50,1706
31,51,3802
31,52,635
31,53,17850
31,54,3
31,55,2
31,56,6246
31,57,1
31,58,6446
31,59,3629
31,60,637
31,61,2907
31,62,2539
31,63,2441
31,64,117
31,65,7
31,66,937
31,67,724
31,68,127
31,69,132
31,70,1507
31,71,116
31,72,2253
31,73,6752
31,74,10543
31,75,5556
31,76,3938
31,77,0
31,78,13
31,79,646
31,80,4
31,81,840
31,82,8848
31,83,6453
31,84,123
31,85,89
31,86,1382
31,87,600
31,88,4593
31,89,4572
31,90,4
31,91,6439
31,92,83
31,93,1227
31,94,1507
31,95,1773
31,96,39
31,97,5
31,98,1837
31,99,434
31,100,20865
31,101,1337
31,102,0
31,103,450
31,104,55
31,105,6
31,106,9620
31,107,23
31,108,22971
31,109,1364
31,110,2505
31,111,3137
31,112,3922
31,113,80
31,114,17
31,115,332
31,116,1408
31,117,9
31,118,162
31,119,36
31,120,2
31,121,30
31,122,2
31,123,4320
31,124,3506
31,125,772
31,126,13
31,127,4244
32,0,113
32,1,0
32,2,2350
32,3,416
32,4,4041
32,5,1398
32,6,1449
32,7,1
32,8,5408
32,9,2843
32,10,152
32,11,156
32,12,0
32,13,758
32,14,2287
32,15,1612
32,16,2710
32,17,7312
32,18,1005
32,19,2913
32,20,6577
32,21,8478
32,22,6976
32,23,2004
32,24,3468
32,25,3723
32,26,235
32,27,3766
32,28,3625
32,29,10
32,30,3081
32,31,3
32,32,15666
32,33,3241
32,34,1
32,35,12505
32,36,1487
32,37,2035
32,38,4436
32,39,1403
32,40,276
32,41,1084
32,42,102
32,43,735
32,44,20718
32,45,2602
32,46,740
32,47,21143
32,48,90
32,49,2
32,50,790
32,51,732
32,52,58
32,53,8368
32,54,4424
32,55,6921
32,56,13614
32,57,2920
32,58,1
32,59,10
32,60,3
32,61,9742
32,62,673
32,63,77
32,64,2565
32,65,3813
32,66,2178
32,67,298
32,68,3499
32,69,297
32,70,5390
32,71,5
32,72,4819
32,73,0
32,74,1749
32,75,33
32,76,4050
32,77,4724
32,78,1714
32,79,4043
32,80,2538
32,81,21
32,82,3827
32,83,1345
32,84,3055
32,85,63
32,86,6110
32,87,5260
32,88,96
32,89,378
32,90,10861
32,91,385
32,92,1236
32,93,6
32,94,3943
32,95,5977
32,96,103
32,97,8
32,98,1161
32,99,3591
32,100,15528
32,101,2550
32,102,2500
32,103,1905
32,104,2709
32,105,5980
32,106,3873
32,107,19
32,108,16351
32,109,1638
32,110,664
32,111,453
32,112,0
32,113,151
32,114,3057
32,115,841
32,116,935
32,117,458
32,118,116
32,119,96
32,120,0
32,121,4092
32,122,13610
32,123,3587
32,124,1287
32,125,1855
32,126,185
32,127,4166
33,0,7357
33,1,4491
33,2,4394
33,3,0
33,4,92
33,5,10217
33,6,431
33,7,10548
33,8,247
33,9,3856
33,10,839
33,11,39
33,12,106
33,13,736
33,14,260
33,15,30
33,16,322
33,17,16586
33,18,9
33,19,113
33,20,12
33,21,83
33,22,4640
33,23,520
33,24,3802
33,25,1497
33,26,479
33,27,4
33,28,4724
33,29,0
33,30,3
33,31,366
33,32,6659
33,33,3828
33,34,267
33,35,10778
33,36,4
33,37,12687
33,38,429
33,39,80
33,40,4227
33,41,5481
33,42,2
33,43,3592
33,44,282
33,45,759
33,46,190
33,47,1338
33,48,5699
33,49,4759
33,50,2157
33,51,1193
33,52,2651
33,53,274
33,54,13
33,55,2063
33,56,825
33,57,185
33,58,240
33,59,25
33,60,6497
33,61,100
33,62,5894
33,63,176
33,64,150
33,65,3284
33,66,8332
33,67,751
33,68,5042
33,69,2018
33,70,894
33,71,8965
33,72,6
33,73,40
33,74,308
33,75,118
33,76,24221
33,77,20
33,78,190
33,79,3581
33,80,12137
33,81,1394
33,82,8513
33,83,3006
33,84,1103
33,85,3597
33,86,8496
33,87,940
33,88,4
33,89,3315
33,90,1108
33,91,1176
33,92,1950
33,93,2
33,94,4545
33,95,22
33,96,4642
33,97,16132
33,98,2576
33,99,20058
33,100,5344
33,101,1
33,102,8869
33,103,3421
33,104,1854
33,105,6734
33,106,4721
33,107,253
33,108,1708
33,109,139
33,110,3612
33,111,17277
33,112,2555
33,113,3771
33,114,913
33,115,59
33,116,3700
33,117,615
33,118,566
33,119,0
33,120,0
33,121,3
33,122,3683
33,123,427
33,124,687
33,125,4267
33,126,3
33,127,5241
34,0,9
34,1,16
34,2,3239
34,3,1935
34,4,5484
34,5,75
34,6,574
34,7,1587
34,8,107
34,9,4690
34,10,2178
34,11,2
34,12,2313
34,13,3665
34,14,4700
34,15,1315
34,16,6870
34,17,3
34,18,24813
34,19,2575
34,20,231
34,21,165
34,22,168
34,23,3309
34,24,8
34,25,22806
34,26,2448
34,27,4394
34,28,5
34,29,46
34,30,6398
34,31,1396
34,32,136
34,33,3847
34,34,210
34,35,3184
34,36,1697
34,37,446
34,38,125
34,39,1155
34,40,9087
34,41,3001
34,42,141
34,43,2536
34,44,0
34,45,2286
34,46,228
34,47,581
34,48,236
34,49,2
34,50,5526
34,51,937
34,52,4665
34,53,2
34,54,66
34,55,4702
34,56,3617
34,57,3729
34,58,1104
34,59,108
34,60,101
34,61,3576
34,62,4674
34,63,4743
34,64,4023
34,65,250
34,66,1603
34,67,131
34,68,3918
34,69,26079
34,70,3410
34,71,6245
34,72,214
34,73,4682
34,74,1796
34,75,811
34,76,15530
34,77,140
34,78,3129
34,79,0
34,80,2143
34,81,104
34,82,9506
34,83,5674
34,84,178
34,85,9784
34,86,423
34,87,2175
34,88,3858
34,89,23
34,90,2420
34,91,6537
34,92,566
34,93,0
34,94,16838
34,95,6462
34,96,1007
34,97,1050
34,98,6524
34,99,8396
34,100,246
34,101,382
34,102,78
34,103,7533
34,104,3
34,105,4125
34,106,1
34,107,4492
34,108,4845
34,109,2959
34,110,4083
34,111,266
34,112,469
34,113,3580
34,114,303
34,115,13
34,116,1387
34,117,2
34,118,619
34,119,4061
34,120,5287
34,121,175
34,122,393
34,123,3651
34,124,9338
34,125,2
34,126,4510
34,127,812
35,0,1502
35,1,2117
35,2,65
35,3,4761
35,4,3026
35,5,1157
35,6,43
35,7,3259
35,8,3790
35,9,2030
35,10,3
35,11,2744
35,12,1517
35,13,5966
35,14,1012
35,15,50
35,16,5402
35,17,192
35,18,6681
35,19,14
35,20,1049
35,21,2585
35,22,2777
35,23,4071
35,24,4145
35,25,8794
35,26,4645
35,27,121
35,28,604
35,29,6658
35,30,6804
35,31,83
35,32,658
35,33,2225
35,34,0
35,35,1
35,36,371
35,37,328
35,38,264
35,39,298
35,40,695
35,41,7471
35,42,5876
35,43,4600
35,44,0
35,45,7910
35,46,12822
35,47,5095
35,48,1713
35,49,3793
35,50,5327
35,51,104
35,52,4284
35,53,3327
35,54,2609
35,55,5563
35,56,4386
35,57,6
35,58,6207
35,59,12297
35,60,8928
35,61,3937
35,62,147
35,63,1170
35,64,425
35,65,636
35,66,17
35,67,2082
35,68,3313
35,69,6149
35,70,72
35,71,5068
35,72,5066
35,73,7779
35,74,67
35,75,327
35,76,186
35,77,68
35,78,4443
35,79,6020
35,80,0
35,81,2423
35,82,105
35,83,24
35,84,144
35,85,15653
35,86,5476
35,87,3232
35,88,2
35,89,2819
35,90,7533
35,91,0
35,92,5251
35,93,4
35,94,7669
35,95,5117
35,96,3713
35,97,7554
35,98,3591
35,99,11408
35,100,6774
35,101,1490
35,102,2439
35,103,2322
35,104,291
35,105,8475
35,106,1
35,107,2417
35,108,330
35,109,4309
35,110,40
35,111,4446
35,112,2
35,113,237
35,114,1025
35,115,20739
35,116,4385
35,117,73
35,118,29
35,119,0
35,120,869
35,121,1680
35,122,3011
35,123,26
35,124,902
35,125,3036
35,126,353
36,0,6438
36,1,91
36,2,22169
36,3,8
36,4,7257
36,5,0
36,6,270
36,7,2584
36,8,2664
36,9,2033
36,10,97
36,11,82
36,12,2107
36,13,0
36,14,9399
36,15,3753
36,16,465
36,17,262
36,18,744
36,19,24
36,20,646
36,21,5086
36,22,784
36,23,2100
36,24,4245
36,25,4536
36,26,3752
36,27,7221
36,28,131
36,29,2450
36,30,4700
36,31,5
36,32,6343
36,33,109
36,34,26312
36,35,2418
36,36,7402
36,37,233
36,38,5645
36,39,627
36,40,3966
36,41,638
36,42,5714
36,43,2953
36,44,215
36,45,109
36,46,18866
36,47,252
36,48,1
36,49,17
36,50,284
36,51,186
36,52,5415
36,53,5661
36,54,316
36,55,284
36,56,1797
36,57,105
36,58,3348
36,59,77
36,60,599
36,61,9065
36,62,32
36,63,3024
36,64,6911
36,65,6227
36,66,2815
36,67,4016
36,68,6311
36,69,6632
36,70,68
36,71,1347
36,72,40
36,73,15828
36,74,1518
36,75,5933
36,76,2434
36,77,446
36,78,68
36,79,3259
36,80,5874
36,81,3
36,82,8
36,83,232
36,84,1
36,85,1255
36,86,1
36,87,6840
36,88,0
36,89,1289
36,90,4009
36,91,414
36,92,4923
36,93,423
36,94,1698
36,95,1630
36,96,2849
36,97,1138
36,98,96
36,99,4522
36,100,3775
36,101,836
36,102,3670
36,103,9193
36,104,1270
36,105,785
36,106,13
36,107,3572
36,108,1043
36,109,14
36,110,328
36,111,1283
36,112,7101
36,113,320
36,114,4202
36,115,2561
36,116,445
36,117,4740
36,118,3882
36,119,16
36,120,5080
36,121,11075
36,122,74
36,123,2642
36,124,2648
36,125,742
36,126,1242
36,127,11490
37,0,2425
37,1,1154
37,2,5019
37,3,0
37,4,6107
37,5,41
37,6,4813
37,7,0
37,8,3872
37,9,31
37,10,10313
37,11,485
37,12,2957
37,13,368
37,14,0
37,15,3664
37,16,4352
37,17,1
37,18,4029
37,19,767
37,20,3259
37,21,3104
37,22,0
37,23,2813
37,24,5212
37,25,1025
37,26,2590
37,27,18
37,28,3654
37,29,1486
37,30,8
37,31,911
37,32,2664
37,33,2183
37,34,282
37,35,340
37,36,4024
37,37,50
37,38,2901
37,39,35
37,40,9592
37,41,6386
37,42,752
37,43,43
37,44,5514
37,45,8100
37,46,0
37,47,9247
37,48,2
37,49,4525
37,50,10
37,51,281
37,52,3379
37,53,5
37,54,0
37,55,6461
37,56,0
37,57,7045
37,58,2975
37,59,219
37,60,292
37,61,4659
37,62,8019
37,63,1103
37,64,1
37,65,3984
37,66,6522
37,67,4003
37,68,760
37,69,1
37,70,101
37,71,1524
37,72,0
37,73,5155
37,74,221
37,75,5214
37,76,3052
37,77,586
37,78,11156
37,79,7379
37,80,3391
37,81,1886
37,82,3697
37,83,2494
37,84,665
37,85,106
37,86,34
37,87,2417
37,88,165
37,89,2909
37,90,4
37,91,8585
37,92,7422
37,93,8221
37,94,1
37,95,5035
37,96,0
37,97,249
37,98,4213
37,99,7189
37,100,150
37,101,5164
37,102,6323
37,103,3922
37,104,7214
37,105,1661
37,106,27659
37,107,4207
37,108,41
37,109,6016
37,110,227
37,111,104
37,112,10646
37,113,6459
37,114,24
37,115,2635
37,116,5
37,117,5061
37,118,2677
37,119,218
37,120,6191
37,121,5960
37,122,27
37,123,6917
37,124,1423
37,125,435
37,126,52
37,127,7890
38,0,12
38,1,3197
38,2,49
38,3,26384
38,4,2717
38,5,127
38,6,210
38,7,2913
38,8,2807
38,9,16
38,10,3739
38,11,892
38,12,2148
38,13,0
38,14,1988
38,15,8141
38,16,7049
38,17,3281
38,18,6652
38,19,45
38,20,3312
38,21,1310
38,22,9908
38,23,14918
38,24,813
38,25,2
38,26,2566
38,27,131
38,28,5747
38,29,60
38,30,118
38,31,198
38,32,2584
38,33,2859
38,34,4190
38,35,17
38,36,259
38,37,79
38,38,13489
38,39,7328
38,40,748
38,41,2
38,42,300
38,43,13
38,44,5836
38,45,96
38,46,713
38,47,3601
38,48,4190
38,49,2414
38,50,144
38,51,5030
38,52,217
38,53,9952
38,54,0
38,55,44477
38,56,0
38,57,9200
38,58,2813
38,59,40
38,60,7157
38,61,1220
38,62,4045
38,63,918
38,64,4701
38,65,0
38,66,5406
38,67,4433
38,68,8825
38,69,8888
38,70,7
38,71,5771
38,72,85
38,73,3621
38,74,491
38,75,229
38,76,2944
38,77,101
38,78,273
38,79,4035
38,80,4202
38,81,2504
38,82,3302
38,83,398
38,84,5278
38,85,1494
38,86,4661
38,87,2386
38,88,215
38,89,402
38,90,2270
38,91,28
38,92,4822
38,93,370
38,94,97
38,95,2094
38,96,1819
38,97,20
38,98,2879
38,99,1627
38,100,2784
38,101,7255
38,102,3508
38,103,9
38,104,199
38,105,4571
38,106,3
38,107,152
38,108,10564
38,109,1550
38,110,1960
38,111,4844
38,112,20
38,113,7
38,114,62
38,115,8459
38,116,46
38,117,604
38,118,320
38,119,4582
38,120,7
38,121,441
38,122,6
38,123,6
38,124,14
38,125,2676
38,126,2507
38,127,1
39,0,3687
39,1,5540
39,2,2174
39,3,11094
39,4,6357
39,5,38
39,6,9632
39,7,6270
39,8,2189
39,9,1031
39,10,422
39,11,852
39,12,51
39,13,36
39,14,66
39,15,64
39,16,16342
39,17,27816
39,18,236
39,19,70
39,20,8488
39,21,5
39,22,0
39,23,3865
39,24,83
39,25,4742
39,26,248
39,27,672
39,28,3139
39,29,5651
39,30,9005
39,31,5830
39,32,9934
39,33,1570
39,34,6754
39,35,2802
39,36,195
39,37,5441
39,38,19
39,39,75
39,40,20634
39,41,2787
39,42,0
39,43,2
39,44,9
39,45,5429
39,46,1358
39,47,9
39,48,101
39,49,2602
39,50,1231
39,51,7698
39,52,4910
39,53,7
39,54,5494
39,55,1767
39,56,2818
39,57,5928
39,58,2639
39,59,1183
39,60,4984
39,61,2230
39,62,1
39,63,483
39,64,204
39,65,10
39,66,14
39,67,6
39,68,115
39,69,5268
39,70,3062
39,71,7445
39,72,2741
39,73,106
39,74,1
39,75,1576
39,76,164
39,77,7573
39,78,4526
39,79,22
39,80,2540
39,81,25
39,82,1419
39,83,2854
39,84,26
39,85,4473
39,86,824
39,87,4623
39,88,24
39,89,11948
39,90,3708
39,91,2022
39,92,111
39,93,719
39,94,3513
39,95,3744
39,96,1264
39,97,1
39,98,6229
39,99,12
39,100,7674
39,101,3794
39,102,217
39,103,3420
39,104,550
39,105,8
39,106,5857
39,107,6486
39,108,1
39,109,406
39,110,2303
39,111,1
39,112,16
39,113,114
39,114,0
39,115,534
39,116,10347
39,117,1739
39,118,2
39,119,224
39,120,3946
39,121,8075
39,122,458
39,123,174
39,124,14
39,125,5807
39,126,6164
39,127,5184
40,0,4604
40,1,1379
40,2,2
40,3,4
40,4,1919
40,5,1188
40,6,1164
40,7,3305
40,8,4042
40,9,150
40,10,322
40,11,3062
40,12,3344
40,13,7062
40,14,31535
40,15,4749
40,16,9552
40,17,492
40,18,800
40,19,53
40,20,5912
40,21,4
40,22,3590
40,23,1913
40,24,343
40,25,212
40,26,4556
40,27,2353
40,28,2818
40,29,6878
40,30,22054
40,31,0
40,32,64
40,33,1092
40,34,25
40,35,4264
40,36,182
40,37,2663
40,38,6
40,39,3742
40,40,3257
40,41,30
40,42,1618
40,43,8978
40,44,8718
40,45,1549
40,46,121
40,47,10
40,48,2775
40,49,277
40,50,1746
40,51,5406
40,52,3333
40,53,93
40,54,6020
40,55,4493
40,56,19
40,57,239
40,58,471
40,59,98
40,60,3521
40,61,0
40,62,382
40,63,135
40,64,165
40,65,1681
40,66,6
40,67,29
40,68,101
40,69,20
40,70,297
40,71,8
40,72,59
40,73,2830
40,74,1843
40,75,5826
40,76,745
40,77,7415
40,78,1593
40,79,3798
40,80,10391
40,81,2871
40,82,2722
40,83,3221
40,84,194
40,85,93
40,86,1
40,87,149
40,88,1
40,89,1797
40,90,7723
40,91,317
40,92,246
40,93,3584
40,94,3006
40,95,54
40,96,4
40,97,604
40,98,5
40,99,884
40,100,5076
40,101,12623
40,102,10266
40,103,846
40,104,10
40,105,8503
40,106,2920
40,107,784
40,108,8830
40,109,3830
40,110,5562
40,111,2013
40,112,5202
40,113,487
40,114,8439
40,115,24321
40,116,14
40,117,844
40,118,3
40,119,4313
40,120,0
40,121,6453
40,122,4
40,123,4205
40,124,4853
40,125,0
40,126,396
40,127,13448
41,0,7743
41,1,11660
41,2,7167
41,3,188
41,4,0
41,5,8451
41,6,3217
41,7,5350
41,8,1
41,9,15008
41,10,367
41,11,8073
41,12,82
41,13,328
41,14,6532
41,15,6156
41,16,42
41,17,3654
41,18,4343
41,19,4413
41,20,6209
41,21,3201
41,22,105
41,23,11
41,24,3
41,25,363
41,26,2080
41,27,37
41,28,8
41,29,113
41,30,2574
41,31,4
41,32,2
41,33,194
41,34,1492
41,35,7354
41,36,7165
41,37,1262
41,38,954
41,39,1011
41,40,22
41,41,670
41,42,3979
41,43,0
41,44,4014
41,45,6524
41,46,4486
41,47,164
41,48,3760
41,49,4776
41,50,4450
41,51,426
41,52,4404
41,53,4826
41,54,3961
41,55,3505
41,56,3
41,57,5774
41,58,1283
41,59,1633
41,60,1
41,61,5499
41,62,11827
41,63,7023
41,64,6119
41,65,7933
41,66,8303
41,67,0
41,68,1475
41,69,4933
41,70,3
41,71,31
41,72,3224
41,73,2583
41,74,230
41,75,1036
41,76,19
41,77,13105
41,78,1300
41,79,2415
41,80,5646
41,81,4563
41,82,9977
41,83,795
41,84,5267
41,85,4236
41,86,104
41,87,576
41,88,2527
41,89,479
41,90,1781
41,91,2
41,92,7595
41,93,3311
41,94,4
41,95,8
41,96,14
41,97,6494
41,98,2
41,99,3186
41,100,5731
41,101,17
41,102,1302
41,103,11217
41,104,44
41,105,800
41,106,6369
41,107,10
41,108,502
41,109,802
41,110,56
41,111,64
41,112,7935
41,113,78
41,114,80
41,115,2538
41,116,81
41,117,3760
41,118,1204
41,119,11
41,120,142
41,121,20069
41,122,5639
41,123,1391
41,124,725
41,125,0
41,126,3427
41,127,19
42,0,1
42,1,13
42,2,2655
42,3,12146
42,4,3406
42,5,3927
42,6,786
42,7,2308
42,8,7909
42,9,1710
42,10,368
42,11,0
42,12,8773
42,13,20
42,14,7354
42,15,6
42,16,8793
42,17,4184
42,18,9319
42,19,1430
42,20,2010
42,21,3725
42,22,5347
42,23,10360
42,24,13394
42,25,3446
42,26,1
42,27,4545
42,28,3844
42,29,17
42,30,2538
42,31,4716
42,32,2088
42,33,1646
42,34,11
42,35,535
42,36,616
42,37,4305
42,38,720
42,39,3012
42,40,0
42,41,1747
42,42,3
42,43,4127
42,44,2
42,45,7
42,46,4
42,47,925
42,48,2
42,49,8498
42,50,1664
42,51,2
42,52,2830
42,53,236
42,54,6
42,55,12909
42,56,2069
42,57,7
42,58,2454
42,59,3740
42,60,9
42,61,124
42,62,8
42,63,116
42,64,4075
42,65,6534
42,66,2738
42,67,354
42,68,1297
42,69,6257
42,70,3728
42,71,29034
42,72,2
42,73,5479
42,74,6103
42,75,7671
42,76,350
42,77,2657
42,78,38
42,79,37
42,80,7514
42,81,316
42,82,4
42,83,200
42,84,16
42,85,2
42,86,9762
42,87,776
42,88,401
42,89,132
42,90,5609
42,91,725
42,92,2185
42,93,6486
42,94,16
42,95,33
42,96,24
42,97,91
42,98,6119
42,99,3805
42,100,2975
42,101,7245
42,102,6340
42,103,5
42,104,625
42,105,23
42,106,4847
42,107,5
42,108,5873
42,109,1296
42,110,404
42,111,2643
42,112,163
42,113,3254
42,114,3322
42,115,18091
42,116,2993
42,117,6267
42,118,57
42,119,1928
42,120,16
42,121,632
42,122,8
42,123,5265
42,124,4
42,125,5715
42,126,9164
42,127,13
43,0,4238
43,1,2
43,2,3471
43,3,31
43,4,7490
43,5,13514
43,6,5062
43,7,1386
43,8,13722
43,9,18
43,10,933
43,11,14
43,12,5579
43,13,81
43,14,20
43,15,669
43,16,7067
43,17,103
43,18,1517
43,19,5868
43,20,46
43,21,5
43,22,0
43,23,41
43,24,3484
43,25,171
43,26,6246
43,27,126
43,28,456
43,29,4367
43,30,2766
43,31,4049
43,32,804
43,33,1909
43,34,78
43,35,2331
43,36,18143
43,37,4068
43,38,603
43,39,104
43,40,17
43,41,2918
43,42,744
43,43,5614
43,44,7746
43,45,185
43,46,14418
43,47,6080
43,48,35
43,49,6378
43,50,127
43,51,0
43,52,1160
43,53,2001
43,54,2
43,55,128
43,56,9815
43,57,85
43,58,10448
43,59,7015
43,60,2369
43,61,2044
43,62,3383
43,63,4917
43,64,66
43,65,8101
43,66,6704
43,67,9
43,68,22470
43,69,1418
43,70,461
43,71,2019
43,72,1710
43,73,1
43,74,4230
43,75,7349
43,76,23
43,77,4844
43,78,1032
43,79,11
43,80,6578
43,81,7298
43,82,1277
43,83,2940
43,84,354
43,85,45
43,86,0
43,87,10252
43,88,5421
43,89,16
43,90,606
43,91,1737
43,92,77
43,93,0
43,94,1615
43,95,1
43,96,2333
43,97,5634
43,98,2873
43,99,1473
43,100,9279
43,101,56
43,102,7
43,103,23
43,104,12977
43,105,4
43,106,94
43,107,49
43,108,2023
43,109,26
43,110,16
43,111,1666
43,112,2719
43,113,254
43,114,9180
43,115,2766
43,116,6
43,117,9
43,118,69
43,119,23
43,120,7133
43,121,13031
43,122,3644
43,123,570
43,124,897
43,125,5801
43,126,0
43,127,1705
44,0,3717
44,1,6700
44,2,1103
44,3,9561
44,4,951
44,5,1653
44,6,11710
44,7,76
44,8,2849
44,9,5644
44,10,259
44,11,13262
44,12,1249
44,13,6249
44,14,227
44,15,922
44,16,5028
44,17,434
44,18,7
44,19,1448
44,20,8933
44,21,12
44,22,8494
44,23,6639
44,24,211
44,25,3923
44,26,1106
44,27,27976
44,28,2
44,29,5114
44,30,274
44,31,1404
44,32,249
44,33,4897
44,34,1437
44,35,13
44,36,34
44,37,5064
44,38,883
44,39,17158
44,40,1536
44,41,524
44,42,3914
44,43,9
44,44,2541
44,45,6693
44,46,5132
44,47,2033
44,48,7105
44,49,22
44,50,533
44,51,1465
44,52,2388
44,53,4773
44,54,9310
44,55,1
44,56,9331
44,57,1303
44,58,6322
44,59,1653
44,60,706
44,61,0
44,62,4250
44,63,2
44,64,1688
44,65,4
44,66,231
44,67,891
44,68,74
44,69,20454
44,70,193
44,71,6466
44,72,1745
44,73,4694
44,74,0
44,75,18
44,76,1
44,77,2
44,78,2750
44,79,13
44,80,11609
44,81,6203
44,82,647
44,83,2287
44,84,2370
44,85,31
44,86,5
44,87,25
44,88,6432
44,89,158
44,90,2700
44,91,1
44,92,3254
44,93,14
44,94,3870
44,95,4
44,96,834
44,97,8
44,98,983
44,99,4336
44,100,407
44,101,307
44,102,336
44,103,128
44,104,16378
44,105,5058
44,106,2
44,107,5884
44,108,843
44,109,44
44,110,7991
44,111,3875
44,112,4
44,113,2981
44,114,462
44,115,27
44,116,16194
44,117,3
44,118,181
44,119,777
44,120,6
44,121,1475
44,122,5006
44,123,1
44,124,12
44,125,2
44,126,866
44,127,553
45,0,2891
45,1,54
45,2,10714
45,3,206
45,4,28466
45,5,11623
45,6,5
45,7,560
45,8,254
45,9,195
45,10,570
45,11,2
45,12,23392
45,13,41
45,14,0
45,15,22
45,16,2450
45,17,6182
45,18,551
45,19,424
45,20,13356
45,21,19
45,22,9530
45,23,1110
45,24,8248
45,25,2
45,26,5669
45,27,14169
45,28,380
45,29,3558
45,30,544
45,31,143
45,32,12693
45,33,146
45,34,36
45,35,31
45,36,436
45,37,7358
45,38,2075
45,39,63
45,40,54
45,41,305
45,42,7812
45,43,147
45,44,472
45,45,8590
45,46,6876
45,47,8487
45,48,3859
45,49,8
45,50,6040
45,51,1943
45,52,2344
45,53,900
45,54,1315
45,55,167
45,56,5
45,57,68
45,58,1071
45,59,19
45,60,77
45,61,834
45,62,6
45,63,2783
45,64,2289
45,65,3226
45,66,913
45,67,1722
45,68,5
45,69,577
45,70,9648
45,71,4937
45,72,19
45,73,308
45,74,59
45,75,4
45,76,7799
45,77,1819
45,78,1
45,79,8
45,80,9110
45,81,1107
45,82,2975
45,83,7438
45,84,25
45,85,330
45,86,2309
45,87,10730
45,88,3099
45,89,5882
45,90,287
45,91,2637
45,92,4526
45,93,736
45,94,1088
45,95,7177
45,96,0
45,97,6
45,98,1294
45,99,5373
45,100,20
45,101,3536
45,102,15
45,103,4576
45,104,101
45,105,19
45,106,19
45,107,431
45,108,2
45,109,51
45,110,521
45,111,425
45,112,7185
45,113,361
45,114,7835
45,115,282
45,116,2726
45,117,16194
45,118,98
45,119,3238
45,120,77
45,121,480
45,122,27
45,123,20019
45,124,24
45,125,14
45,126,113
45,127,3014
46,0,1186
46,1,6355
46,2,38
46,3,1327
46,4,2
46,5,11047
46,6,9
46,7,7386
46,8,1225
46,9,1402
46,10,8186
46,11,2544
46,12,8
46,13,57
46,14,88
46,15,282
46,16,3250
46,17,662
46,18,1381
46,19,25258
46,20,357
46,21,582
46,22,7527
46,23,5
46,24,102
46,25,4
46,26,2253
46,27,6512
46,28,108
46,29,4305
46,30,5791
46,31,14
46,32,5799
46,33,3707
46,34,2200
46,35,2366
46,36,852
46,37,964
46,38,1055
46,39,6725
46,40,28
46,41,16
46,42,32
46,43,3234
46,44,2245
46,45,7544
46,46,3178
46,47,3
46,48,41
46,49,1469
46,50,0
46,51,8650
46,52,12988
46,53,171
46,54,3471
46,55,23575
46,56,99
46,57,1321
46,58,55
46,59,64
46,60,11838
46,61,6109
46,62,254
46,63,799
46,64,186
46,65,1
46,66,256
46,67,4945
46,68,12332
46,69,12
46,70,62
46,71,2889
46,72,2
46,73,0
46,74,2277
46,75,4085
46,76,6483
46,77,5379
46,78,17
46,79,1265
46,80,7498
46,81,967
46,82,6026
46,83,1116
46,84,2872
46,85,266
46,86,0
46,87,1
46,88,2
46,89,280
46,90,2580
46,91,13
46,92,438
46,93,1559
46,94,5352
46,95,33
46,96,4420
46,97,8888
46,98,4670
46,99,432
46,100,402
46,101,12002
46,102,368
46,103,823
46,104,7807
46,105,6728
46,106,1366
46,107,197
46,108,24
46,109,911
46,110,90
46,111,247
46,112,64
46,113,832
46,114,338
46,115,10708
46,116,703
46,117,20676
46,118,3174
46,119,227
46,120,153
46,121,1
46,122,3460
46,123,4021
46,124,6769
46,125,1923
46,126,1889
46,127,9604
47,0,1
47,1,0
47,2,0
47,3,11
47,4,8
47,5,0
47,6,9
47,7,1
47,8,3
47,9,0
47,10,5
47,11,9
47,12,2
47,13,0
47,14,4
47,15,24
47,16,0
47,17,3
47,18,1
47,19,0
47,20,8
47,21,16
47,22,0
47,23,4
47,24,1
47,25,2
47,26,13
47,27,16
47,28,0
47,29,0
47,30,0
47,31,17
47,32,21
47,33,0
47,34,15
47,35,19
47,36,9
47,37,0
47,38,2
47,39,4
47,40,0
47,41,0
47,42,3
47,43,0
47,44,12
47,45,0
47,46,2
47,47,14
47,48,3
47,49,1
47,50,0
47,51,0
47,52,17
47,53,15
47,54,6
47,55,2
47,56,0
47,57,17
47,58,18
47,59,0
47,60,0
47,61,0
47,62,0
47,63,6
47,64,0
47,65,2
47,66,11
47,67,2
47,68,0
47,69,0
47,70,0
47,71,42
47,72,6
47,73,13
47,74,10
47,75,0
47,76,8
47,77,2
47,78,12
47,79,2
47,80,3
47,81,0
47,82,19
47,83,1
47,84,0
47,85,23
47,86,29
47,87,11
47,88,11
47,89,0
47,90,16
47,91,0
47,92,1
47,93,0
47,94,4
47,95,19
47,96,2
47,97,0
47,98,0
47,99,1
47,100,0
47,101,0
47,102,12
47,103,2
47,104,6
47,105,5
47,106,0
47,107,11
47,108,9
47,109,9
47,110,1
47,111,16
47,112,13
47,113,4
47,114,12
47,115,0
47,116,0
47,117,15
47,118,0
47,119,1
47,120,11
47,121,6
47,122,0
47,123,13
47,124,1
47,125,0
47,126,0
47,127,27
